<?xml version="1.0" encoding="utf-8" ?>
<dwsync>
<file name="dev-by-soluciones-hipermedia-20x20.png" server="demo.solucioneshipermedia.com//demo.solucioneshipermedia.com/wp-content/" local="130203758150000000" remote="130478299800000000" Dst="2" />
<file name="dev-by-soluciones-hipermedia.png" server="demo.solucioneshipermedia.com//demo.solucioneshipermedia.com/wp-content/" local="130203768990000000" remote="130478299800000000" Dst="2" />
<file name="faviconsh.ico" server="demo.solucioneshipermedia.com//demo.solucioneshipermedia.com/wp-content/" local="130133957540000000" remote="130478299800000000" Dst="2" />
<file name="logo.png" server="demo.solucioneshipermedia.com//demo.solucioneshipermedia.com/wp-content/" local="130400088666041902" remote="130478299800000000" Dst="2" />
<file name="search.png" server="demo.solucioneshipermedia.com//demo.solucioneshipermedia.com/wp-content/" local="129957854640000000" remote="130478299800000000" Dst="2" />
<file name="social-share-fb.png" server="demo.solucioneshipermedia.com//demo.solucioneshipermedia.com/wp-content/" local="130400120240000000" remote="130478299800000000" Dst="2" />
<file name="social-share-pt.png" server="demo.solucioneshipermedia.com//demo.solucioneshipermedia.com/wp-content/" local="130400119890000000" remote="130478299800000000" Dst="2" />
<file name="social-share-ld.png" server="demo.solucioneshipermedia.com//demo.solucioneshipermedia.com/wp-content/" local="130400119970000000" remote="130478299800000000" Dst="2" />
<file name="social-share-gp.png" server="demo.solucioneshipermedia.com//demo.solucioneshipermedia.com/wp-content/" local="130400120150000000" remote="130478299800000000" Dst="2" />
<file name="social-share-TW.png" server="demo.solucioneshipermedia.com//demo.solucioneshipermedia.com/wp-content/" local="130400120040000000" remote="130400093400000000" Dst="-1" />
<file name="social-share-tw.png" server="demo.solucioneshipermedia.com//demo.solucioneshipermedia.com/wp-content/" local="130400120040000000" remote="130478299800000000" Dst="2" />
</dwsync>